{"_timestamp":1.765190944081019e+09,"tracking_lin_vel":0.6309006909529368,"_runtime":5088.49189675,"_wandb":{"runtime":5088},"fall_penalty":-0.28044841488202416,"_step":1499,"action_noise_std":0.24014875292778015,"surrogate_loss":0.007933970207886887,"episode_reward_mean":0.027147182263433933,"episode_length_mean":4081.9583333333335,"foot_swing_clearance":0.001843706766764323,"base_height":0.04846681480606397,"tracking_ang_vel":0.164408041536808,"value_loss":0.006160412653116509,"action_rate":-0.03600896584490935,"metrics_plot":{"height":1200,"_type":"image-file","sha256":"888159c6c0c45f89a5bbf39c56328015e93383680c79932482444cebbed645be","size":235208,"path":"media/images/metrics_plot_1400_888159c6c0c45f89a5bb.png","format":"png","width":2400}}