{"action_noise_std":4.818055152893066,"base_height":0.1397577370206515,"action_rate":-0.1344281539320946,"metrics_plot":{"height":1200,"_type":"image-file","sha256":"e63c55b9891ae551388570defc0bf61739660a7794eb8b61fa03c7e552520c27","size":205804,"path":"media/images/metrics_plot_400_e63c55b9891ae5513885.png","format":"png","width":2400},"_timestamp":1.765107225357322e+09,"episode_reward_mean":0.03530000802129507,"_step":499,"fall_penalty":-0.020388887698451676,"_runtime":1516.193693292,"tracking_lin_vel":1.3962139805157978,"surrogate_loss":-0.004011091856227722,"value_loss":0.005472914359415881,"_wandb":{"runtime":1516},"tracking_ang_vel":0.3837338596582413,"episode_length_mean":2045.9583333333333}