{"episode_length_mean":4087.1666666666665,"_runtime":5448.246167375,"action_rate":-0.09084921702742577,"base_height":0.2917270173629125,"fall_penalty":-0.0275217056274414,"action_noise_std":17.071590423583984,"_timestamp":1.7651240841532228e+09,"tracking_lin_vel":1.3821932673454285,"tracking_ang_vel":0.405829867720604,"surrogate_loss":-0.002421950767143244,"episode_reward_mean":0.0401346607444187,"_step":1499,"value_loss":0.00503654959902633,"_wandb":{"runtime":5448},"metrics_plot":{"_type":"image-file","sha256":"1c630b4514206e18106ea3ca1400110ebdb953b764081f0f42b725cfed6bee47","size":201936,"path":"media/images/metrics_plot_1400_1c630b4514206e18106e.png","format":"png","width":2400,"height":1200}}