{"action_noise_std":5.785795211791992,"fall_penalty":-0.015616732059667507,"action_rate":-0.17977666209141416,"_runtime":5448.823434791,"_wandb":{"runtime":5448},"_step":1499,"metrics_plot":{"format":"png","width":2400,"height":1200,"_type":"image-file","sha256":"fb9c7d06a40e921fb39ac80ba2a8add239459ec2573c71af159697017fdd7a8a","size":192671,"path":"media/images/metrics_plot_1400_fb9c7d06a40e921fb39a.png"},"surrogate_loss":-0.0006825279160693754,"episode_length_mean":4088.5416666666665,"episode_reward_mean":0.03342712282513579,"tracking_ang_vel":0.3629625767469406,"_timestamp":1.765152500790932e+09,"tracking_lin_vel":1.392140507698059,"value_loss":0.0034675638380576856,"base_height":0.09087705463171004}